主页名称,主页链接
杨几安,https://mp.weixin.qq.com/mp/profile_ext?action=home&__biz=MzIxNzMxMTA0OA==&scene=124#wechat_redirect
交易员说,https://mp.weixin.qq.com/mp/profile_ext?action=home&__biz=MjM5MDQ5OTMxMA==&scene=124#wechat_redirect
FinTechHi,https://mp.weixin.qq.com/mp/profile_ext?action=home&__biz=&scene=124#wechat_redirect
FinTechHi,https://mp.weixin.qq.com/mp/profile_ext?action=home&__biz=MzUyOTAzNDg2NA==&scene=124#wechat_redirect
交易员说,https://mp.weixin.qq.com/mp/profile_ext?action=home&__biz=MjM5MDQ5OTMxMA==&scene=124#wechat_redirect
量化智投,https://mp.weixin.qq.com/mp/profile_ext?action=home&__biz=MzkzNTIxNTkzMA==&scene=124#wechat_redirect
蒙玺投资,https://mp.weixin.qq.com/mp/profile_ext?action=home&__biz=MzkxMDE2NDc2Mw==&scene=124#wechat_redirect
摸鱼量化,https://mp.weixin.qq.com/mp/profile_ext?action=home&__biz=MzIwNjE5MTY2Nw==&scene=124#wechat_redirect
核桃量化,https://mp.weixin.qq.com/mp/profile_ext?action=home&__biz=MzkxOTQzNDEzOA==&scene=124#wechat_redirect
2AMquant,https://mp.weixin.qq.com/mp/profile_ext?action=home&__biz=MzI2NTkzNTI4NA==&scene=124#wechat_redirect
杨几安,https://mp.weixin.qq.com/mp/profile_ext?action=home&__biz=MzIxNzMxMTA0OA==&scene=124#wechat_redirect
